<?xml version="1.0" encoding="UTF-8"?>
<GenRun Id="synth_1" LaunchPart="xc7a35ticsg324-1L" LaunchTime="1710448966">
  <File Type="PA-TCL" Name="picoblaze_uart.tcl"/>
  <File Type="RDS-PROPCONSTRS" Name="picoblaze_uart_drc_synth.rpt"/>
  <File Type="REPORTS-TCL" Name="picoblaze_uart_reports.tcl"/>
  <File Type="RDS-RDS" Name="picoblaze_uart.vds"/>
  <File Type="RDS-UTIL" Name="picoblaze_uart_utilization_synth.rpt"/>
  <File Type="RDS-UTIL-PB" Name="picoblaze_uart_utilization_synth.pb"/>
  <File Type="RDS-DCP" Name="picoblaze_uart.dcp"/>
  <File Type="VDS-TIMINGSUMMARY" Name="picoblaze_uart_timing_summary_synth.rpt"/>
  <File Type="VDS-TIMING-PB" Name="picoblaze_uart_timing_summary_synth.pb"/>
  <FileSet Name="sources" Type="DesignSrcs" RelSrcDir="$PSRCDIR/sources_1">
    <Filter Type="Srcs"/>
    <File Path="$PSRCDIR/sources_1/imports/proyectos_arty_vivado_2019_1_lnx/02_ip_uart6/baud_rate_clock.vhd">
      <FileInfo>
        <Attr Name="ImportPath" Val="$PPRDIR/../02_ip_uart6/baud_rate_clock.vhd"/>
        <Attr Name="ImportTime" Val="1206694550"/>
        <Attr Name="UsedIn" Val="synthesis"/>
        <Attr Name="UsedIn" Val="simulation"/>
      </FileInfo>
    </File>
    <File Path="$PSRCDIR/sources_1/imports/proyectos_arty_vivado_2019_1_lnx/embedded_kcpsm6.vhd">
      <FileInfo>
        <Attr Name="ImportPath" Val="$PPRDIR/../embedded_kcpsm6.vhd"/>
        <Attr Name="ImportTime" Val="1644339916"/>
        <Attr Name="UsedIn" Val="synthesis"/>
        <Attr Name="UsedIn" Val="simulation"/>
      </FileInfo>
    </File>
    <File Path="$PSRCDIR/sources_1/imports/proyectos_arty_vivado_2019_1_lnx/kcpsm6.vhd">
      <FileInfo>
        <Attr Name="ImportPath" Val="$PPRDIR/../kcpsm6.vhd"/>
        <Attr Name="ImportTime" Val="1400683452"/>
        <Attr Name="UsedIn" Val="synthesis"/>
        <Attr Name="UsedIn" Val="simulation"/>
      </FileInfo>
    </File>
    <File Path="$PSRCDIR/sources_1/imports/proyectos_arty_vivado_2019_1_lnx/picoblaze_uart02/picoblaze_uart02.srcs/sources_1/new/modulo_uart.vhd">
      <FileInfo>
        <Attr Name="ImportPath" Val="$PPRDIR/../picoblaze_uart02/picoblaze_uart02.srcs/sources_1/new/modulo_uart.vhd"/>
        <Attr Name="ImportTime" Val="1644358372"/>
        <Attr Name="UsedIn" Val="synthesis"/>
        <Attr Name="UsedIn" Val="simulation"/>
      </FileInfo>
    </File>
    <File Path="$PSRCDIR/sources_1/new/mux_puerto_entrada.vhd">
      <FileInfo>
        <Attr Name="UsedIn" Val="synthesis"/>
        <Attr Name="UsedIn" Val="simulation"/>
      </FileInfo>
    </File>
    <File Path="$PSRCDIR/sources_1/imports/proyectos_arty_vivado_2019_1_lnx/registro_puerto_entrada.vhd">
      <FileInfo>
        <Attr Name="ImportPath" Val="$PPRDIR/../registro_puerto_entrada.vhd"/>
        <Attr Name="ImportTime" Val="1447251890"/>
        <Attr Name="UsedIn" Val="synthesis"/>
        <Attr Name="UsedIn" Val="simulation"/>
      </FileInfo>
    </File>
    <File Path="$PSRCDIR/sources_1/imports/proyectos_arty_vivado_2019_1_lnx/02_ip_uart6/uart_rx6.vhd">
      <FileInfo>
        <Attr Name="ImportPath" Val="$PPRDIR/../02_ip_uart6/uart_rx6.vhd"/>
        <Attr Name="ImportTime" Val="1301612378"/>
        <Attr Name="UsedIn" Val="synthesis"/>
        <Attr Name="UsedIn" Val="simulation"/>
      </FileInfo>
    </File>
    <File Path="$PSRCDIR/sources_1/imports/proyectos_arty_vivado_2019_1_lnx/02_ip_uart6/uart_tx6.vhd">
      <FileInfo>
        <Attr Name="ImportPath" Val="$PPRDIR/../02_ip_uart6/uart_tx6.vhd"/>
        <Attr Name="ImportTime" Val="1301612296"/>
        <Attr Name="UsedIn" Val="synthesis"/>
        <Attr Name="UsedIn" Val="simulation"/>
      </FileInfo>
    </File>
    <File Path="$PPRDIR/kcpsm6/your_program.vhd">
      <FileInfo>
        <Attr Name="UsedIn" Val="synthesis"/>
        <Attr Name="UsedIn" Val="simulation"/>
      </FileInfo>
    </File>
    <File Path="$PSRCDIR/sources_1/new/picoblaze_uart_spi.vhd">
      <FileInfo>
        <Attr Name="UsedIn" Val="synthesis"/>
        <Attr Name="UsedIn" Val="simulation"/>
      </FileInfo>
    </File>
    <Config>
      <Option Name="DesignMode" Val="RTL"/>
      <Option Name="TopModule" Val="picoblaze_uart"/>
      <Option Name="TopAutoSet" Val="TRUE"/>
    </Config>
  </FileSet>
  <FileSet Name="constrs_in" Type="Constrs" RelSrcDir="$PSRCDIR/constrs_1">
    <Filter Type="Constrs"/>
    <File Path="$PSRCDIR/constrs_1/imports/proyectos_arty_vivado_2019_1_lnx/Arty-A7-35-Master.xdc">
      <FileInfo>
        <Attr Name="ImportPath" Val="$PPRDIR/../Arty-A7-35-Master.xdc"/>
        <Attr Name="ImportTime" Val="1644341155"/>
        <Attr Name="UsedIn" Val="synthesis"/>
        <Attr Name="UsedIn" Val="implementation"/>
      </FileInfo>
    </File>
    <Config>
      <Option Name="TargetConstrsFile" Val="$PSRCDIR/constrs_1/imports/proyectos_arty_vivado_2019_1_lnx/Arty-A7-35-Master.xdc"/>
      <Option Name="ConstrsType" Val="XDC"/>
    </Config>
  </FileSet>
  <FileSet Name="utils" Type="Utils" RelSrcDir="$PSRCDIR/utils_1">
    <Filter Type="Utils"/>
    <Config>
      <Option Name="TopAutoSet" Val="TRUE"/>
    </Config>
  </FileSet>
  <Strategy Version="1" Minor="2">
    <StratHandle Name="Vivado Synthesis Defaults" Flow="Vivado Synthesis 2019"/>
    <Step Id="synth_design"/>
  </Strategy>
</GenRun>
